Actual,0,1
0,0.9417008679270672,0.4473412493546722
1,0.1225190069299603,0.059886422302529684
